case_id,strategy,candidate,mean_auto_score,generation_cost_usd,attribute_extraction_cost_usd,selection_cost_usd,total_strategy_cost_usd,generation_latency_seconds,attribute_extraction_latency_seconds,selection_latency_seconds,total_strategy_latency_seconds,auto_summary,color,print_logo,silhouette_length,construction_details,texture_material,presence
D01,baseline,baseline,0.8333333333333334,0.034466,0,0,0.034466,6.477779095999999,0.0,0.0,6.477779095999999,Candidate 2 maintains the color and silhouette/length accurately. The print/logo is partially visible but not as distinct. Construction details are partially preserved with some differences in pocket and zipper details. Texture and material are consistent with the original. The garment is fully present.,1.0,0.5,1.0,0.5,1.0,1.0
D01,structured,structured_a,0.8333333333333334,0.03449425,0.0008332,0,0.03532745,5.646544614999996,2.445583395,0.0,8.092128009999996,Candidate 1 preserves the color and silhouette/length well. The print/logo is partially visible but less clear. Construction details are partially preserved with some differences in pocket and zipper visibility. Texture and material appear consistent. The garment is fully present.,1.0,0.5,1.0,0.5,1.0,1.0
D01,best_of_two,structured_a,0.8333333333333334,0.06898850,0.0008332,0.00283,0.07265170,116.698579651,2.445583395,10.599507216,129.743670262,Candidate 1 preserves the color and silhouette/length well. The print/logo is partially visible but less clear. Construction details are partially preserved with some differences in pocket and zipper visibility. Texture and material appear consistent. The garment is fully present.,1.0,0.5,1.0,0.5,1.0,1.0
D02,baseline,baseline,1.0,0.034466,0,0,0.034466,5.291534274999975,0.0,0.0,5.291534274999975,"Candidate 1 perfectly matches the garment packshot in all aspects including color, print/logo, silhouette and length, construction details, texture/material, and presence.",1.0,1.0,1.0,1.0,1.0,1.0
D02,structured,structured_a,1.0,0.03449225,0.0006324,0,0.03512465,4.299690397999996,2.298649863999998,0.0,6.598340261999994,"Candidate 3 is also identical to Candidates 1 and 2, perfectly preserving all attributes of the garment packshot.",1.0,1.0,1.0,1.0,1.0,1.0
D02,best_of_two,structured_a,1.0,0.06898450,0.0006324,0.0025076,0.07212450,8.368579140000008,2.298649863999998,5.2994652160000015,15.966694220000008,"Candidate 3 is also identical to Candidates 1 and 2, perfectly preserving all attributes of the garment packshot.",1.0,1.0,1.0,1.0,1.0,1.0
D03,baseline,baseline,0.8333333333333334,0.034466,0,0,0.034466,4.6578654479999955,0.0,0.0,4.6578654479999955,"Candidate 3 matches the color, silhouette, construction details, and texture/material of the garment well. No print or logo is visible, consistent with the packshot. The garment is fully present.",1.0,0.0,1.0,1.0,1.0,1.0
D03,structured,structured_a,0.8333333333333334,0.03485325,0.000688,0,0.03554125,6.1829890860000205,3.6105632319999756,0.0,9.793552317999996,"Candidate 1 matches the color, silhouette, construction details, and texture/material of the garment well. There is no visible print or logo on the garment, consistent with the packshot. The garment is fully present.",1.0,0.0,1.0,1.0,1.0,1.0
D03,best_of_two,structured_a,0.8333333333333334,0.06976500,0.000688,0.0026432,0.07309620,10.529186488000022,3.6105632319999756,4.819431303000002,18.959181023,"Candidate 1 matches the color, silhouette, construction details, and texture/material of the garment well. There is no visible print or logo on the garment, consistent with the packshot. The garment is fully present.",1.0,0.0,1.0,1.0,1.0,1.0
